<?xml version="1.0" encoding="UTF-8"?>
<jcr:root xmlns:sling="http://sling.apache.org/jcr/sling/1.0" xmlns:cq="http://www.day.com/jcr/cq/1.0" xmlns:jcr="http://www.jcp.org/jcr/1.0" xmlns:nt="http://www.jcp.org/jcr/nt/1.0" xmlns:rep="internal"
    jcr:mixinTypes="[cq:ReplicationStatus,rep:AccessControllable]"
    jcr:primaryType="cq:Page">
    <wcm jcr:primaryType="nt:unstructured">
        <foundation jcr:primaryType="nt:unstructured">
            <components jcr:primaryType="nt:unstructured">
                <responsivegrid jcr:primaryType="nt:unstructured">
                    <dexter-structure/>
                    <dexter-root/>
                    <subnav-items
                        jcr:primaryType="nt:unstructured"
                        jcr:title="SubNav Items"
                        sling:resourceType="wcm/core/components/policy/policy"
                        components="[/apps/dexter/components/restricted/subnavLink,/apps/hawks/components/restricted/subnavLink]">
                        <jcr:content
                            cq:lastReplicated="{Date}2019-02-13T06:59:46.401Z"
                            cq:lastReplicatedBy="gmt"
                            cq:lastReplicationAction="Activate"
                            jcr:mixinTypes="[cq:ReplicationStatus]"
                            jcr:primaryType="nt:unstructured"/>
                        <section jcr:primaryType="nt:unstructured"/>
                    </subnav-items>
                    <hawks-structure/>
                    <policy_1645603852364973/>
                    <policy_1646269468560603/>
                    <policy_1708512535341671/>
                </responsivegrid>
                <parsys/>
            </components>
        </foundation>
    </wcm>
    <hawks/>
    <rep:policy/>
    <dexter/>
    <policy_1547068686770/>
    <policy_1547068931768/>
    <policy_1547072448535/>
    <policy_1547073046785/>
    <policy_1547139015208/>
    <policy_1547157125762/>
    <policy_1547157169165/>
    <policy_1547158191028/>
</jcr:root>
